Source,Target,Status,Comment
/video/**/*,/video/**/*,Migrated,
/json/**/*,/json/**/*,Migrated,
/img/**/*,/img/**/*,Migrated,
/favicons/**/*,,Gone,
/boilerplate,amp.dev/boilerplate,Migrated,
/playground,playground.amp.dev,Migrated,
/#advanced,amp.dev/documentation/examples.html,Migrated,"We need to implement SSR for the category filter, but fragments can't be redirected either"
/#components,amp.dev/documentation/examples.html,Migrated,"We need to implement SSR for the category filter, but fragments can't be redirected either"
/#dynamic_amp,amp.dev/documentation/examples.html,Migrated,"We need to implement SSR for the category filter, but fragments can't be redirected either"
/#introduction,amp.dev/documentation/examples.html,Migrated,"We need to implement SSR for the category filter, but fragments can't be redirected either"
/#samples_templates,amp.dev/documentation/examples.html,Migrated,"We need to implement SSR for the category filter, but fragments can't be redirected either"
/#user_consent,amp.dev/documentation/examples.html,Migrated,"We need to implement SSR for the category filter, but fragments can't be redirected either"
/#visual_effects,amp.dev/documentation/examples.html,Migrated,"We need to implement SSR for the category filter, but fragments can't be redirected either"
/advanced/advanced_video_docking/,amp.dev/documentation/examples/multimedia-animations/advanced_video_docking/index.html,Migrated,
/advanced/advanced_video_docking/embed/,,Gone,
/advanced/advanced_video_docking/preview/,amp.dev/documentation/examples/multimedia-animations/advanced_video_docking/preview/index.html?format=websites,Migrated,
/advanced/advanced_video_docking/preview/embed/,,Gone,
/advanced/autosuggest_form/,amp.dev/documentation/examples/interactivity-dynamic-content/autosuggest_form/index.html,Migrated,
/advanced/autosuggest_form/embed/,,Gone,
/advanced/autosuggest_form/preview/,amp.dev/documentation/examples/interactivity-dynamic-content/autosuggest_form/preview/index.html,Migrated,
/advanced/autosuggest_form/preview/embed/,,Gone,
/advanced/autosuggest/,amp.dev/documentation/examples/interactivity-dynamic-content/simple_autosuggest/index.html,Migrated,
/advanced/autosuggest/embed/,,Gone,
/advanced/autosuggest/preview/,amp.dev/documentation/examples/interactivity-dynamic-content/simple_autosuggest/preview/index.html,Migrated,
/advanced/autosuggest/preview/embed/,,Gone,
/advanced/click-to-play_overlay_for_amp-video/,amp.dev/documentation/examples/multimedia-animations/click-to-play_overlay_for_amp-video/index.html,Migrated,
/advanced/click-to-play_overlay_for_amp-video/embed/,,Gone,
/advanced/click-to-play_overlay_for_amp-video/preview/embed/,,Gone,
/advanced/combobox/,amp.dev/documentation/examples/interactivity-dynamic-content/combobox/index.html,Migrated,
/advanced/combobox/embed/,,Gone,
/advanced/combobox/preview/,amp.dev/documentation/examples/interactivity-dynamic-content/combobox/preview/index.html,Migrated,
/advanced/combobox/preview/embed/,,Gone,
/advanced/copy_button/,amp.dev/documentation/examples/interactivity-dynamic-content/copy_button/index.html,Migrated,
/advanced/copy_button/embed/,,Gone,
/advanced/copy_button/preview/,amp.dev/documentation/examples/interactivity-dynamic-content/copy_button/preview/index.html,Migrated,
/advanced/copy_button/preview/embed/,,Gone,
/advanced/custom_loading_indicators/,amp.dev/documentation/examples/multimedia-animations/custom_loading_indicators/index.html,Migrated,
/advanced/custom_loading_indicators/embed/,,Gone,
/advanced/custom_loading_indicators/preview/embed/,,Gone,
/advanced/favorite_button/,amp.dev/documentation/examples/interactivity-dynamic-content/favorite_button/index.html,Migrated,
/advanced/favorite_button/embed/,,Gone,
/advanced/favorite_button/preview/embed/,,Gone,
/advanced/geolocation_with_amp-list/,amp.dev/documentation/examples/personalization/geolocation_with_amp-list/index.html,Migrated,
/advanced/geolocation_with_amp-list/embed/,,Gone,
/advanced/geolocation_with_amp-list/preview/,amp.dev/documentation/examples/personalization/geolocation_with_amp-list/preview/index.html,Migrated,
/advanced/geolocation_with_amp-list/preview/embed/,,Gone,
/advanced/how_to_support_images_with_unknown_dimensions/,amp.dev/documentation/examples/style-layout/how_to_support_images_with_unknown_dimensions/index.html,Migrated,
/advanced/how_to_support_images_with_unknown_dimensions/embed/,,Gone,
/advanced/how_to_support_images_with_unknown_dimensions/preview/embed/,,Gone,
/advanced/image_galleries_with_amp-carousel/,amp.dev/documentation/examples/multimedia-animations/image_galleries_with_amp-carousel/index.html,Migrated,
/advanced/image_galleries_with_amp-carousel/embed/,,Gone,
/advanced/image_galleries_with_amp-carousel/preview/embed/,,Gone,
/advanced/integrating_videos_in_amp_an_overview/,amp.dev/documentation/examples/multimedia-animations/integrating_videos_in_amp_an_overview/index.html,Migrated,
/advanced/integrating_videos_in_amp_an_overview/embed/,,Gone,
/advanced/integrating_videos_in_amp_an_overview/preview/embed/,,Gone,
/advanced/joining_analytics_sessions/,amp.dev/documentation/examples/advertising-analytics/joining_analytics_sessions/index.html,Migrated,
/advanced/joining_analytics_sessions/embed/,,Gone,
/advanced/joining_analytics_sessions/preview/embed/,,Gone,
/advanced/linked_dropdowns/,amp.dev/documentation/examples/interactivity-dynamic-content/linked_dropdowns/index.html,Migrated,
/advanced/linked_dropdowns/embed/,,Gone,
/advanced/linked_dropdowns/preview/,amp.dev/documentation/examples/interactivity-dynamic-content/linked_dropdowns/preview/index.html,Migrated,
/advanced/linked_dropdowns/preview/embed/,,Gone,
/advanced/long_list_of_amp-instagram_embeds/,,Gone,
/advanced/long_list_of_amp-instagram_embeds/embed/,,Gone,
/advanced/long_list_of_amp-instagram_embeds/preview/embed/,,Gone,
/advanced/oauth2_login/,amp.dev/documentation/examples/personalization/oauth2_login/index.html,Migrated,
/advanced/oauth2_login/embed/,,Gone,
/advanced/oauth2_login/preview/,amp.dev/documentation/examples/personalization/oauth2_login/preview/index.html,Migrated,
/advanced/oauth2_login/preview/embed/,,Gone,
/advanced/paged_list/,amp.dev/documentation/examples/interactivity-dynamic-content/paged_list/index.html,Migrated,
/advanced/paged_list/embed/,,Gone,
/advanced/paged_list/preview/,amp.dev/documentation/examples/interactivity-dynamic-content/paged_list/preview/index.html,Migrated,
/advanced/paged_list/preview/embed/,,Gone,
/advanced/payments_in_amp/,amp.dev/documentation/examples/e-commerce/payments_in_amp/index.html,Migrated,
/advanced/payments_in_amp/embed/,,Gone,
/advanced/payments_in_amp/preview/,amp.dev/documentation/examples/e-commerce/payments_in_amp/preview/index.html,Migrated,
/advanced/payments_in_amp/preview/embed/,,Gone,
/advanced/rich_media_notifications/,amp.dev/documentation/examples/multimedia-animations/rich_media_notifications/index.html,Migrated,
/advanced/rich_media_notifications/embed/,,Gone,
/advanced/rich_media_notifications/preview/embed/,,Gone,
/advanced/seatmap_multiple_selection/,/documentation/examples/interactivity-dynamic-content/seatmap_multiple_selection/index.html,Migrated,
/advanced/seatmap_multiple_selection/embed/,,Gone,
/advanced/seatmap_multiple_selection/preview/,amp.dev/documentation/examples/interactivity-dynamic-content/seatmap_multiple_selection/preview/index.html,Migrated,
/advanced/seatmap_multiple_selection/preview/embed/,,Gone,
/advanced/seatmap/,amp.dev/documentation/examples/interactivity-dynamic-content/seatmap/index.html,Migrated,
/advanced/seatmap/embed/,,Gone,
/advanced/seatmap/preview/,amp.dev/documentation/examples/interactivity-dynamic-content/seatmap/preview/index.html,Migrated,
/advanced/seatmap/preview/embed/,,Gone,
/advanced/show_more_button/,amp.dev/documentation/examples/interactivity-dynamic-content/show_more_button/index.html,Migrated,
/advanced/show_more_button/embed/,,Gone,
/advanced/show_more_button/preview/,amp.dev/documentation/examples/interactivity-dynamic-content/show_more_button/preview/index.html,Migrated,
/advanced/show_more_button/preview/embed/,,Gone,
/advanced/star_rating/,amp.dev/documentation/examples/interactivity-dynamic-content/star_rating/index.html,Migrated,
/advanced/star_rating/embed/,,Gone,
/advanced/star_rating/preview/,amp.dev/documentation/examples/interactivity-dynamic-content/star_rating/preview/index.html,Migrated,
/advanced/star_rating/preview/embed/,,Gone,
/advanced/tab_panels_with_amp-selector/,amp.dev/documentation/examples/style-layout/tab_panels_with_amp-selector/index.html,Migrated,
/advanced/tab_panels_with_amp-selector/embed/,,Gone,
/advanced/tab_panels_with_amp-selector/preview/,amp.dev/documentation/examples/style-layout/tab_panels_with_amp-selector/preview/index.html,Migrated,
/advanced/tab_panels_with_amp-selector/preview/embed/,,Gone,
/advanced/using_the_amp_url_api/,amp.dev/documentation/examples/guides/using_the_amp_url_api/index.html,Migrated,
/advanced/using_the_amp_url_api/embed/,,Gone,
/advanced/using_the_amp_url_api/preview/embed/,,Gone,
/advanced/using_the_google_amp_cache/,amp.dev/documentation/examples/guides/using_the_google_amp_cache/index.html,Migrated,
/advanced/using_the_google_amp_cache/embed/,,Gone,
/advanced/using_the_google_amp_cache/preview/embed/,,Gone,
/advanced/video_carousels_with_amp-carousel/,amp.dev/documentation/examples/multimedia-animations/video_carousels_with_amp-carousel/index.html,Migrated,
/advanced/video_carousels_with_amp-carousel/embed/,,Gone,
/advanced/video_carousels_with_amp-carousel/preview/embed/,,Gone,
/advanced/video_rotate_to_fullscreen_with_hint/,amp.dev/documentation/examples/multimedia-animations/video_rotate_to_fullscreen_with_hint/index.html,Migrated,
/advanced/video_rotate_to_fullscreen_with_hint/embed/,,Gone,
/advanced/video_rotate_to_fullscreen_with_hint/preview/,amp.dev/documentation/examples/multimedia-animations/video_rotate_to_fullscreen_with_hint/preview/index.html,Migrated,
/advanced/video_rotate_to_fullscreen_with_hint/preview/embed/,,Gone,
/amp-ads/advanced_ads/carousel_ad/,amp.dev/documentation/examples/introduction/carousel_ad/index.html,Migrated,
/amp-ads/advanced_ads/carousel_ad/embed/,,Gone,
/amp-ads/advanced_ads/carousel_ad/preview/,amp.dev/documentation/examples/introduction/carousel_ad/preview/index.html,Migrated,
/amp-ads/advanced_ads/carousel_ad/preview/embed/,,Gone,
/amp-ads/advanced_ads/scrollbound_animation_ad/,amp.dev/documentation/examples/introduction/scrollbound_animation_ad/index.html,Migrated,
/amp-ads/advanced_ads/scrollbound_animation_ad/embed/,,Gone,
/amp-ads/advanced_ads/scrollbound_animation_ad/preview/,amp.dev/documentation/examples/introduction/scrollbound_animation_ad/preview/index.html,Migrated,
/amp-ads/advanced_ads/scrollbound_animation_ad/preview/embed/,,Gone,
/amp-ads/advanced_ads/scrollbound_video_ad/,amp.dev/documentation/examples/introduction/scrollbound_video_ad/index.html,Migrated,
/amp-ads/advanced_ads/scrollbound_video_ad/embed/,,Gone,
/amp-ads/advanced_ads/scrollbound_video_ad/preview/,amp.dev/documentation/examples/introduction/scrollbound_video_ad/preview/index.html,Migrated,
/amp-ads/advanced_ads/scrollbound_video_ad/preview/embed/,,Gone,
/amp-ads/advanced_ads/slides_ad/,amp.dev/documentation/examples/introduction/slides_ad/index.html,Migrated,
/amp-ads/advanced_ads/slides_ad/embed/,,Gone,
/amp-ads/advanced_ads/slides_ad/preview/,amp.dev/documentation/examples/introduction/slides_ad/preview/index.html,Migrated,
/amp-ads/advanced_ads/slides_ad/preview/embed/,,Gone,
/amp-ads/advanced_ads/video_ad/,amp.dev/documentation/examples/introduction/video_ad/index.html,Migrated,
/amp-ads/advanced_ads/video_ad/embed/,,Gone,
/amp-ads/advanced_ads/video_ad/preview/,amp.dev/documentation/examples/introduction/video_ad/preview/index.html,Migrated,
/amp-ads/advanced_ads/video_ad/preview/embed/,,Gone,
/amp-ads/basic_ads/banner_ad/,amp.dev/documentation/examples/introduction/banner_ad/index.html,Migrated,
/amp-ads/basic_ads/banner_ad/embed/,,Gone,
/amp-ads/basic_ads/banner_ad/preview/embed/,,Gone,
/amp-ads/experimental_ads/lightbox_ad/,amp.dev/documentation/examples/introduction/lightbox_ad/index.html,Migrated,
/amp-ads/experimental_ads/lightbox_ad/embed/,,Gone,
/amp-ads/experimental_ads/lightbox_ad/preview/,amp.dev/documentation/examples/introduction/lightbox_ad/preview/index.html,Migrated,
/amp-ads/experimental_ads/lightbox_ad/preview/embed/,,Gone,
/amp-ads/experimental_ads/stack_with_bind_ad/,amp.dev/documentation/examples/introduction/stack_with_bind_ad/index.html,Migrated,
/amp-ads/experimental_ads/stack_with_bind_ad/embed/,,Gone,
/amp-ads/experimental_ads/stack_with_bind_ad/preview/,amp.dev/documentation/examples/introduction/stack_with_bind_ad/preview/index.html,Migrated,
/amp-ads/experimental_ads/stack_with_bind_ad/preview/embed/,,Gone,
/amp-ads/introduction/amphtml_ads_vs_non-amp_ads/,,Gone,
/amp-ads/introduction/amphtml_ads_vs_non-amp_ads/embed/,,Gone,
/amp-ads/introduction/amphtml_ads_vs_non-amp_ads/preview/embed/,,Gone,
/amp-ads/introduction/hello_world/,amp.dev/documentation/examples/introduction/amphtml_ads_hello_world/index.html,Migrated,
/amp-ads/introduction/hello_world/embed/,,Gone,
/amp-ads/introduction/hello_world/preview/,amp.dev/documentation/examples/introduction/amphtml_ads_hello_world/preview/index.html,Migrated,
/amp-ads/introduction/hello_world/preview/embed/,,Gone,
/amp-ads#amp-ads/advanced_ads,amp.dev/documentation/examples.html?format=ads,Migrated,
/amp-ads#amp-ads/basic_ads,amp.dev/documentation/examples.html?format=ads,Migrated,
/amp-ads#amp-ads/experimental_ads,amp.dev/documentation/examples.html?format=ads,Migrated,
/amp-ads#amp-ads/introduction,amp.dev/documentation/examples.html?format=ads,Migrated,
/amphtml-email/introduction/hello_world/,amp.dev/documentation/examples/introduction/amphtml_email_hello_world/index.html,Migrated,
/amphtml-email/introduction/hello_world/embed/,,Gone,
/amphtml-email/introduction/hello_world/preview/,amp.dev/documentation/examples/introduction/amphtml_email_hello_world/preview/index.html,Migrated,
/amphtml-email/introduction/hello_world/preview/embed/,,Gone,
/amphtml-email#amphtml-email/introduction,amp.dev/documentation/examples.html?format=email,Migrated,
/components/amp-3d-gltf/,amp.dev/documentation/examples/components/amp-3d-gltf/index.html,Migrated,
/components/amp-3d-gltf/embed/,,Gone,
/components/amp-3d-gltf/preview/embed/,,Gone,
/components/amp-access-laterpay/,amp.dev/documentation/components/reference/amp-access-laterpay.html,Migrated,
/components/amp-access-laterpay/embed/,,Gone,
/components/amp-access-laterpay/preview/embed/,,Gone,
/components/amp-access/,amp.dev/documentation/examples/components/amp-access/index.html,Migrated,
/components/amp-access/embed/,,Gone,
/components/amp-access/preview/embed/,,Gone,
/components/amp-accordion/,amp.dev/documentation/examples/components/amp-accordion/index.html,Migrated,
/components/amp-accordion/embed/,,Gone,
/components/amp-accordion/preview/embed/,,Gone,
/components/amp-ad/,amp.dev/documentation/examples/components/amp-ad/index.html,Migrated,
/components/amp-ad/embed/,,Gone,
/components/amp-ad/preview/embed/,,Gone,
/components/amp-addthis/,amp.dev/documentation/components/reference/amp-addthis.html,Migrated,
/components/amp-addthis/embed/,,Gone,
/components/amp-addthis/preview/embed/,,Gone,
/components/amp-analytics/,amp.dev/documentation/examples/components/amp-analytics/index.html,Migrated,
/components/amp-analytics/embed/,,Gone,
/components/amp-analytics/preview/embed/,,Gone,
/components/amp-anim/,amp.dev/documentation/examples/components/amp-anim/index.html,Migrated,
/components/amp-anim/embed/,,Gone,
/components/amp-anim/preview/embed/,,Gone,
/components/amp-app-banner/,amp.dev/documentation/examples/components/amp-app-banner/index.html,Migrated,
/components/amp-app-banner/embed/,,Gone,
/components/amp-app-banner/preview/embed/,,Gone,
/components/amp-audio/,amp.dev/documentation/examples/components/amp-audio/index.html,Migrated,
/components/amp-audio/embed/,,Gone,
/components/amp-audio/preview/embed/,,Gone,
/components/amp-bind/,amp.dev/documentation/examples/components/amp-bind/index.html,Migrated,
/components/amp-bind/embed/,,Gone,
/components/amp-bind/preview/embed/,,Gone,
/components/amp-bodymovin-animation/,amp.dev/documentation/examples/components/amp-bodymovin-animation/index.html,Migrated,
/components/amp-bodymovin-animation/embed/,,Gone,
/components/amp-bodymovin-animation/preview/embed/,,Gone,
/components/amp-brid-player/,amp.dev/documentation/examples/components/amp-brid-player/index.html,Migrated,
/components/amp-brid-player/embed/,,Gone,
/components/amp-brid-player/preview/embed/,,Gone,
/components/amp-brightcove/,amp.dev/documentation/examples/components/amp-brightcove/index.html,Migrated,
/components/amp-brightcove/embed/,,Gone,
/components/amp-brightcove/preview/embed/,,Gone,
/components/amp-call-tracking/,amp.dev/documentation/examples/components/amp-call-tracking/index.html,Migrated,
/components/amp-call-tracking/embed/,,Gone,
/components/amp-call-tracking/preview/embed/,,Gone,
/components/amp-carousel/,amp.dev/documentation/examples/components/amp-carousel/index.html,Migrated,
/components/amp-carousel/embed/,,Gone,
/components/amp-carousel/preview/embed/,,Gone,
/components/amp-dailymotion/,amp.dev/documentation/examples/components/amp-dailymotion/index.html,Migrated,
/components/amp-dailymotion/embed/,,Gone,
/components/amp-dailymotion/preview/embed/,,Gone,
/components/amp-date-countdown/,amp.dev/documentation/examples/components/amp-date-countdown/index.html,Migrated,
/components/amp-date-countdown/embed/,,Gone,
/components/amp-date-countdown/preview/embed/,,Gone,
/components/amp-date-display/,amp.dev/documentation/examples/components/amp-date-display/index.html,Migrated,
/components/amp-date-display/embed/,,Gone,
/components/amp-date-display/preview/,amp.dev/documentation/examples/components/amp-date-display/preview/index.html,Migrated,
/components/amp-date-display/preview/embed/,,Gone,
/components/amp-date-picker/,amp.dev/documentation/examples/components/amp-date-picker/index.html,Migrated,
/components/amp-date-picker/embed/,,Gone,
/components/amp-date-picker/preview/embed/,,Gone,
/components/amp-dynamic-css-classes/,amp.dev/documentation/examples/components/amp-dynamic-css-classes/index.html,Migrated,
/components/amp-dynamic-css-classes/embed/,,Gone,
/components/amp-dynamic-css-classes/preview/embed/,,Gone,
/components/amp-experiment/,amp.dev/documentation/examples/components/amp-experiment/index.html,Migrated,
/components/amp-experiment/embed/,,Gone,
/components/amp-experiment/preview/embed/,,Gone,
/components/amp-facebook-comments/,amp.dev/documentation/examples/components/amp-facebook-comments/index.html,Migrated,
/components/amp-facebook-comments/embed/,,Gone,
/components/amp-facebook-comments/preview/embed/,,Gone,
/components/amp-facebook-like/,amp.dev/documentation/examples/components/amp-facebook-like/index.html,Migrated,
/components/amp-facebook-like/embed/,,Gone,
/components/amp-facebook-like/preview/embed/,,Gone,
/components/amp-facebook-page/,amp.dev/documentation/examples/components/amp-facebook-page/index.html,Migrated,
/components/amp-facebook-page/embed/,,Gone,
/components/amp-facebook-page/preview/embed/,,Gone,
/components/amp-facebook/,amp.dev/documentation/examples/components/amp-facebook/index.html,Migrated,
/components/amp-facebook/embed/,,Gone,
/components/amp-facebook/preview/embed/,,Gone,
/components/amp-fit-text/,amp.dev/documentation/examples/components/amp-fit-text/index.html,Migrated,
/components/amp-fit-text/embed/,,Gone,
/components/amp-fit-text/preview/embed/,,Gone,
/components/amp-font/,amp.dev/documentation/examples/components/amp-font/index.html,Migrated,
/components/amp-font/embed/,,Gone,
/components/amp-font/preview/embed/,,Gone,
/components/amp-form/,amp.dev/documentation/examples/components/amp-form/index.html,Migrated,
/components/amp-form/embed/,,Gone,
/components/amp-form/preview/,amp.dev/documentation/examples/components/amp-form/preview/index.html,Migrated,
/components/amp-form/preview/embed/,,Gone,
/components/amp-fx-collection/,amp.dev/documentation/examples/components/amp-fx-collection/index.html,Migrated,
/components/amp-fx-collection/embed/,,Gone,
/components/amp-fx-collection/preview/embed/,,Gone,
/components/amp-fx-flying-carpet/,amp.dev/documentation/examples/components/amp-fx-flying-carpet/index.html,Migrated,
/components/amp-fx-flying-carpet/embed/,,Gone,
/components/amp-fx-flying-carpet/preview/,amp.dev/documentation/examples/components/amp-fx-flying-carpet/preview/index.html,Migrated,
/components/amp-fx-flying-carpet/preview/embed/,,Gone,
/components/amp-geo/,amp.dev/documentation/examples/components/amp-geo/index.html,Migrated,
/components/amp-geo/embed/,,Gone,
/components/amp-geo/preview/embed/,,Gone,
/components/amp-gfycat/,amp.dev/documentation/examples/components/amp-gfycat/index.html,Migrated,
/components/amp-gfycat/embed/,,Gone,
/components/amp-gfycat/preview/embed/,,Gone,
/components/amp-gist/,amp.dev/documentation/examples/components/amp-gist/index.html,Migrated,
/components/amp-gist/embed/,,Gone,
/components/amp-gist/preview/embed/,,Gone,
/components/amp-google-document-embed/,,Gone,
/components/amp-google-document-embed/embed/,,Gone,
/components/amp-google-document-embed/preview/,amp.dev/documentation/examples/components/amp-google-document-embed/index.html,Migrated,
/components/amp-google-document-embed/preview/embed/,,Gone,
/components/amp-google-vrview-image/,amp.dev/documentation/examples/components/amp-google-vrview-image/index.html,Migrated,
/components/amp-google-vrview-image/embed/,,Gone,
/components/amp-google-vrview-image/preview/,amp.dev/documentation/examples/components/amp-google-vrview-image/preview/index.html,Migrated,
/components/amp-google-vrview-image/preview/embed/,,Gone,
/components/amp-hulu/,amp.dev/documentation/examples/components/amp-hulu/index.html,Migrated,
/components/amp-hulu/embed/,,Gone,
/components/amp-hulu/preview/embed/,,Gone,
/components/amp-iframe/,amp.dev/documentation/examples/components/amp-iframe/index.html,Migrated,
/components/amp-iframe/embed/,,Gone,
/components/amp-iframe/preview/embed/,,Gone,
/components/amp-ima-video/,amp.dev/documentation/examples/components/amp-ima-video/index.html,Migrated,
/components/amp-ima-video/embed/,,Gone,
/components/amp-ima-video/preview/embed/,,Gone,
/components/amp-image-lightbox/,amp.dev/documentation/examples/components/amp-image-lightbox/index.html,Migrated,
/components/amp-image-lightbox/embed/,,Gone,
/components/amp-image-lightbox/preview/embed/,,Gone,
/components/amp-image-slider/,amp.dev/documentation/examples/components/amp-image-slider/index.html,Migrated,
/components/amp-image-slider/embed/,,Gone,
/components/amp-image-slider/preview/embed/,,Gone,
/components/amp-img/,amp.dev/documentation/examples/components/amp-img/index.html,Migrated,
/components/amp-img/embed/,,Gone,
/components/amp-img/preview/embed/,,Gone,
/components/amp-inputmask/,amp.dev/documentation/examples/components/amp-inputmask/index.html,Migrated,
/components/amp-inputmask/embed/,,Gone,
/components/amp-inputmask/preview/,amp.dev/documentation/examples/components/amp-inputmask/preview/index.html,Migrated,
/components/amp-inputmask/preview/embed/,,Gone,
/components/amp-instagram/,amp.dev/documentation/examples/components/amp-instagram/index.html,Migrated,
/components/amp-instagram/embed/,,Gone,
/components/amp-instagram/preview/embed/,,Gone,
/components/amp-install-serviceworker/,amp.dev/documentation/examples/components/amp-install-serviceworker/index.html,Migrated,
/components/amp-install-serviceworker/embed/,,Gone,
/components/amp-install-serviceworker/preview/embed/,,Gone,
/components/amp-jwplayer/,amp.dev/documentation/examples/components/amp-jwplayer/index.html,Migrated,
/components/amp-jwplayer/embed/,,Gone,
/components/amp-jwplayer/preview/embed/,,Gone,
/components/amp-kaltura-player/,amp.dev/documentation/examples/components/amp-kaltura-player/index.html,Migrated,
/components/amp-kaltura-player/embed/,,Gone,
/components/amp-kaltura-player/preview/embed/,,Gone,
/components/amp-lightbox-gallery/,amp.dev/documentation/examples/components/amp-lightbox/index.html,Migrated,
/components/amp-lightbox-gallery/embed/,,Gone,
/components/amp-lightbox-gallery/preview/embed/,,Gone,
/components/amp-lightbox/,amp.dev/documentation/examples/components/amp-lightbox/index.html,Migrated,
/components/amp-lightbox/embed/,,Gone,
/components/amp-lightbox/preview/embed/,,Gone,
/components/amp-list/,amp.dev/documentation/examples/components/amp-list/index.html,Migrated,
/components/amp-list/embed/,,Gone,
/components/amp-list/preview/embed/,,Gone,
/components/amp-live-list/,amp.dev/documentation/examples/components/amp-live-list/index.html,Migrated,
/components/amp-live-list/embed/,,Gone,
/components/amp-live-list/preview/embed/,,Gone,
/components/amp-mustache/,amp.dev/documentation/examples/components/amp-mustache/index.html,Migrated,
/components/amp-mustache/embed/,,Gone,
/components/amp-mustache/preview/embed/,,Gone,
/components/amp-next-page/,amp.dev/documentation/examples/components/amp-next-page/index.html,Migrated,
/components/amp-next-page/embed/,,Gone,
/components/amp-next-page/preview/,amp.dev/documentation/examples/components/amp-next-page/preview/index.html,Migrated,
/components/amp-next-page/preview/embed/,,Gone,
/components/amp-o2-player/,amp.dev/documentation/examples/components/amp-o2-player/index.html,Migrated,
/components/amp-o2-player/embed/,,Gone,
/components/amp-o2-player/preview/embed/,,Gone,
/components/amp-pinterest/,amp.dev/documentation/examples/components/amp-pinterest/index.html,Migrated,
/components/amp-pinterest/embed/,,Gone,
/components/amp-pinterest/preview/embed/,,Gone,
/components/amp-pixel/,amp.dev/documentation/examples/components/amp-pixel/index.html,Migrated,
/components/amp-pixel/embed/,,Gone,
/components/amp-pixel/preview/embed/,,Gone,
/components/amp-reach-player/,amp.dev/documentation/examples/components/amp-reach-player/index.html,Migrated,
/components/amp-reach-player/embed/,,Gone,
/components/amp-reach-player/preview/embed/,,Gone,
/components/amp-reddit/,amp.dev/documentation/examples/components/amp-reddit/index.html,Migrated,
/components/amp-reddit/embed/,,Gone,
/components/amp-reddit/preview/embed/,,Gone,
/components/amp-selector/,amp.dev/documentation/examples/components/amp-selector/index.html,Migrated,
/components/amp-selector/embed/,,Gone,
/components/amp-selector/preview/embed/,,Gone,
/components/amp-sidebar/,amp.dev/documentation/examples/components/amp-sidebar/index.html,Migrated,
/components/amp-sidebar/embed/,,Gone,
/components/amp-sidebar/preview/,amp.dev/documentation/examples/components/amp-sidebar/preview/index.html,Migrated,
/components/amp-sidebar/preview/embed/,,Gone,
/components/amp-social-share/,amp.dev/documentation/examples/components/amp-social-share/index.html,Migrated,
/components/amp-social-share/embed/,,Gone,
/components/amp-social-share/preview/embed/,,Gone,
/components/amp-soundcloud/,amp.dev/documentation/examples/components/amp-soundcloud/index.html,Migrated,
/components/amp-soundcloud/embed/,,Gone,
/components/amp-soundcloud/preview/embed/,,Gone,
/components/amp-springboard-player/,amp.dev/documentation/examples/components/amp-springboard-player/index.html,Migrated,
/components/amp-springboard-player/embed/,,Gone,
/components/amp-springboard-player/preview/embed/,,Gone,
/components/amp-sticky-ad/,amp.dev/documentation/examples/components/amp-sticky-ad/index.html,Migrated,
/components/amp-sticky-ad/embed/,,Gone,
/components/amp-sticky-ad/preview/embed/,,Gone,
/components/amp-timeago/,amp.dev/documentation/examples/components/amp-timeago/index.html,Migrated,
/components/amp-timeago/embed/,,Gone,
/components/amp-timeago/preview/embed/,,Gone,
/components/amp-twitter/,amp.dev/documentation/examples/components/amp-twitter/index.html,Migrated,
/components/amp-twitter/embed/,,Gone,
/components/amp-twitter/preview/embed/,,Gone,
/components/amp-user-notification/,amp.dev/documentation/examples/components/amp-user-notification/index.html,Migrated,
/components/amp-user-notification/embed/,,Gone,
/components/amp-user-notification/preview/embed/,,Gone,
/components/amp-video-iframe/,amp.dev/documentation/examples/components/amp-video-iframe/index.html,Migrated,
/components/amp-video-iframe/embed/,,Gone,
/components/amp-video-iframe/preview/,amp.dev/documentation/examples/components/amp-video-iframe/preview/index.html,Migrated,
/components/amp-video-iframe/preview/embed/,,Gone,
/components/amp-video/,amp.dev/documentation/examples/components/amp-video/index.html,Migrated,
/components/amp-video/embed/,,Gone,
/components/amp-video/preview/embed/,,Gone,
/components/amp-vimeo/,amp.dev/documentation/examples/components/amp-vimeo/index.html,Migrated,
/components/amp-vimeo/embed/,,Gone,
/components/amp-vimeo/preview/embed/,,Gone,
/components/amp-vine/,amp.dev/documentation/examples/components/amp-vine/index.html,Migrated,
/components/amp-vine/embed/,,Gone,
/components/amp-vine/preview/embed/,,Gone,
/components/amp-web-push/,amp.dev/documentation/examples/components/amp-web-push/index.html,Migrated,
/components/amp-web-push/embed/,,Gone,
/components/amp-web-push/preview/embed/,,Gone,
/components/amp-youtube/,amp.dev/documentation/examples/components/amp-youtube/index.html,Migrated,
/components/amp-youtube/embed/,,Gone,
/components/amp-youtube/preview/embed/,,Gone,
/dynamic_amp/client-side_filtering/,amp.dev/documentation/examples/interactivity-dynamic-content/client-side_filtering/index.html,Migrated,
/dynamic_amp/client-side_filtering/embed/,,Gone,
/dynamic_amp/client-side_filtering/preview/embed/,,Gone,
/dynamic_amp/dynamic_content_after_user-interaction/,amp.dev/documentation/examples/interactivity-dynamic-content/dynamic_content_after_user-interaction/index.html,Migrated,
/dynamic_amp/dynamic_content_after_user-interaction/embed/,,Gone,
/dynamic_amp/dynamic_content_after_user-interaction/preview/embed/,,Gone,
/dynamic_amp/mixing_dynamic_and_cached_data/,amp.dev/documentation/examples/interactivity-dynamic-content/mixing_dynamic_and_cached_data/index.html,Migrated,
/dynamic_amp/mixing_dynamic_and_cached_data/embed/,,Gone,
/dynamic_amp/mixing_dynamic_and_cached_data/preview/embed/,,Gone,
/dynamic_amp/multi_page_flow/,amp.dev/documentation/examples/interactivity-dynamic-content/multi_page_flow/index.html,Migrated,
/dynamic_amp/multi_page_flow/embed/,,Gone,
/dynamic_amp/multi_page_flow/preview/,amp.dev/documentation/examples/interactivity-dynamic-content/multi_page_flow/preview/index.html,Migrated,
/dynamic_amp/multi_page_flow/preview/embed/,,Gone,
/https://ampbyexample-com.cdn.ampproject.org/c/s/ampbyexample.com/amp-ads/basic_ads/banner_ad/preview/?exp=a4a:-1,amp.dev/documentation/examples/introduction/banner_ad/preview/index.html,Migrated,
/https://ampbyexample-com.cdn.ampproject.org/c/s/ampbyexample.com/amp-ads/introduction/amphtml_ads_vs_non-amp_ads/preview/?exp=a4a:-1,amp.dev/documentation/examples/advertising-analytics/amphtml_ads_vs_non_amp_ads/index.html,Migrated,
/introduction/amp_for_e-commerce_getting_started/,amp.dev/documentation/examples/e-commerce/amp_for_e-commerce_getting_started/index.html,Migrated,
/introduction/amp_for_e-commerce_getting_started/embed/,,Gone,
/introduction/amp_for_e-commerce_getting_started/preview/embed/,,Gone,
/introduction/hello_world/,amp.dev/documentation/examples/introduction/hello_world/index.html,Migrated,
/introduction/hello_world/embed/,,Gone,
/introduction/hello_world/preview/embed/,,Gone,
/introduction/how_to_publish_amps/,,Needs migration,Can link to /content/amp-dev/documentation/guides-and-tutorials/optimize-measure/publishing_checklist.md (depends on #1712 being merged)
/introduction/how_to_publish_amps/embed/,,Gone,
/introduction/how_to_publish_amps/preview/embed/,,Gone,
/introduction/internationalization/,amp.dev/documentation/examples/guides/internationalization/index.html,Migrated,
/introduction/internationalization/embed/,,Gone,
/introduction/internationalization/preview/embed/,,Gone,
/samples_templates/checkout_flow/,amp.dev/documentation/examples/e-commerce/checkout_flow/index.html,Migrated,
/samples_templates/checkout_flow/embed/,,Gone,
/samples_templates/checkout_flow/preview/,amp.dev/documentation/examples/e-commerce/checkout_flow/preview/index.html,Migrated,
/samples_templates/checkout_flow/preview/embed/,,Gone,
/samples_templates/comment_section/,amp.dev/documentation/examples/interactivity-dynamic-content/comment_section/index.html,Migrated,
/samples_templates/comment_section/embed/,,Gone,
/samples_templates/comment_section/preview/,amp.dev/documentation/examples/interactivity-dynamic-content/comment_section/preview/index.html,Migrated,
/samples_templates/comment_section/preview/embed/,,Gone,
/samples_templates/hotel/,amp.dev/documentation/examples/e-commerce/hotel/index.html,Migrated,
/samples_templates/hotel/embed/,,Gone,
/samples_templates/hotel/preview/,amp.dev/documentation/examples/e-commerce/hotel/preview/index.html,Migrated,
/samples_templates/hotel/preview/embed/,,Gone,
/samples_templates/housing/,amp.dev/documentation/examples/e-commerce/housing/index.html,Migrated,
/samples_templates/housing/embed/,,Gone,
/samples_templates/housing/preview/,amp.dev/documentation/examples/e-commerce/housing/preview/index.html,Migrated,
/samples_templates/housing/preview/embed/,,Gone,
/samples_templates/live_blog/,/documentation/examples/news-publishing/live_blog/index.html,Migrated,
/samples_templates/live_blog/embed/,,Gone,
/samples_templates/live_blog/preview/,/documentation/examples/news-publishing/live_blog/preview/index.html,Migrated,
/samples_templates/live_blog/preview/embed/,,Gone,
/samples_templates/news_article/,amp.dev/documentation/examples/news-publishing/news_article/index.html,Migrated,
/samples_templates/news_article/embed/,,Gone,
/samples_templates/news_article/preview/,amp.dev/documentation/examples/news-publishing/news_article/preview/index.html,Migrated,
/samples_templates/news_article/preview/embed/,,Gone,
/samples_templates/poll/,amp.dev/documentation/examples/interactivity-dynamic-content/poll/index.html,Migrated,
/samples_templates/poll/embed/,,Gone,
/samples_templates/poll/preview/,amp.dev/documentation/examples/interactivity-dynamic-content/poll/preview/index.html,Migrated,
/samples_templates/poll/preview/embed/,,Gone,
/samples_templates/product_browse_page/,amp.dev/documentation/examples/e-commerce/product_browse_page/index.html,Migrated,
/samples_templates/product_browse_page/embed/,,Gone,
/samples_templates/product_browse_page/preview/,amp.dev/documentation/examples/e-commerce/product_browse_page/preview/index.html,Migrated,
/samples_templates/product_browse_page/preview/embed/,,Gone,
/samples_templates/product_page/,amp.dev/documentation/examples/e-commerce/product_page/index.html,Migrated,
/samples_templates/product_page/embed/,,Gone,
/samples_templates/product_page/preview/,amp.dev/documentation/examples/e-commerce/product_page/preview/index.html,Migrated,
/samples_templates/product_page/preview/embed/,,Gone,
/samples_templates/recipe/,amp.dev/documentation/examples/news-publishing/recipe/index.html,Migrated,
/samples_templates/recipe/embed/,,Gone,
/samples_templates/recipe/preview/,amp.dev/documentation/examples/news-publishing/recipe/preview/index.html,Migrated,
/samples_templates/recipe/preview/embed/,,Gone,
/samples_templates/shopping_cart/,amp.dev/documentation/examples/e-commerce/shopping_cart/index.html,Migrated,
/samples_templates/shopping_cart/embed/,,Gone,
/samples_templates/shopping_cart/preview/embed/,amp.dev/documentation/examples/e-commerce/shopping_cart/preview/index.html,Migrated,
/stories/features/animations/,amp.dev/documentation/examples/visual-effects/amp_story_animations/index.html,Migrated,
/stories/features/animations/embed/,,Gone,
/stories/features/animations/preview/embed/,,Gone,
/stories/features/layouts/,amp.dev/documentation/examples/style-layout/amp_story_layouts/index.html,Migrated,
/stories/features/layouts/embed/,,Gone,
/stories/features/layouts/preview/embed/,,Gone,
/stories/features/media/,amp.dev/documentation/examples/multimedia-animations/supported_media_types_in_amp_stories/index.html,Migrated,
/stories/features/media/embed/,,Gone,
/stories/features/media/preview/embed/,,Gone,
/stories/features/supporting_desktop_and_landscape_mode/,amp.dev/documentation/examples/style-layout/desktop_and_landscape_mode_support/index.html,Migrated,
/stories/features/supporting_desktop_and_landscape_mode/embed/,,Gone,
/stories/features/supporting_desktop_and_landscape_mode/preview/embed/,,Gone,
/stories/introduction/amp_story_hello_world/,amp.dev/documentation/examples/introduction/stories_in_amp/index.html,Migrated,
/stories/introduction/amp_story_hello_world/embed/,,Gone,
/stories/introduction/amp_story_hello_world/preview/embed/,,Gone,
/stories/monetization/doubleclick/,amp.dev/documentation/examples/advertising-analytics/doubleclick_amp_story_ads/index.html,Migrated,
/stories/monetization/doubleclick/embed/,,Gone,
/stories/monetization/doubleclick/preview/embed/,,Gone,
/stories/monetization/publisher_served/,amp.dev/documentation/examples/advertising-analytics/publisher_served_amp_story_ads/index.html,Migrated,
/stories/monetization/publisher_served/embed/,,Gone,
/stories/monetization/publisher_served/preview/embed/,,Gone,
/stories/user_consent/story_user_consent/,amp.dev/documentation/examples/user-consent/story_user_consent/index.html,Migrated,
/stories/user_consent/story_user_consent/embed/,,Gone,
/stories/user_consent/story_user_consent/preview/embed/,,Gone,
/stories/visual_effects/ken_burns/,amp.dev/documentation/examples/visual-effects/ken_burns/index.html,Migrated,
/stories/visual_effects/ken_burns/embed/,,Gone,
/stories/visual_effects/ken_burns/preview/embed/,,Gone,
/stories#stories/features,amp.dev/documentation/examples.html?format=stories,Migrated,
/stories#stories/introduction,amp.dev/documentation/examples.html?format=stories,Migrated,
/stories#stories/monetization,amp.dev/documentation/examples.html?format=stories,Migrated,
/stories#stories/user_consent,amp.dev/documentation/examples.html?format=stories,Migrated,
/stories#stories/visual_effects,amp.dev/documentation/examples.html?format=stories,Migrated,
/user_consent/advanced_user_consent_flow/,amp.dev/documentation/examples/user-consent/advanced_user_consent_flow/index.html,Migrated,
/user_consent/advanced_user_consent_flow/embed/,,Gone,
/user_consent/advanced_user_consent_flow/preview/embed/,,Gone,
/user_consent/basic_user_consent_flow/,amp.dev/documentation/examples/user-consent/basic_user_consent_flow/index.html,Migrated,
/user_consent/basic_user_consent_flow/embed/,,Gone,
/user_consent/basic_user_consent_flow/preview/embed/,,Gone,
/user_consent/external_user_consent_flow/,amp.dev/documentation/examples/user-consent/external_user_consent_flow/index.html,Migrated,
/user_consent/external_user_consent_flow/embed/,,Gone,
/user_consent/external_user_consent_flow/preview/embed/,,Gone,
/user_consent/geolocation-based_consent_flow/,amp.dev/documentation/examples/user-consent/geolocation-based_consent_flow/index.html,Migrated,
/user_consent/geolocation-based_consent_flow/embed/,,Gone,
/user_consent/geolocation-based_consent_flow/preview/embed/,,Gone,
/visual_effects/animated_snackbar/,amp.dev/documentation/examples/visual-effects/animated_snackbar/index.html,Migrated,
/visual_effects/animated_snackbar/embed/,,Gone,
/visual_effects/animated_snackbar/preview/,amp.dev/documentation/examples/visual-effects/animated_snackbar/preview/index.html,Migrated,
/visual_effects/animated_snackbar/preview/embed/,,Gone,
/visual_effects/basics_of_orientation_effects/,amp.dev/documentation/examples/visual-effects/basics_of_orientation_effects/index.html,Migrated,
/visual_effects/basics_of_orientation_effects/embed/,,Gone,
/visual_effects/basics_of_orientation_effects/preview/,amp.dev/documentation/examples/visual-effects/basics_of_orientation_effects/preview/index.html,Migrated,
/visual_effects/basics_of_orientation_effects/preview/embed/,,Gone,
/visual_effects/basics_of_scrollbound_effects/,amp.dev/documentation/examples/visual-effects/basics_of_scrollbound_effects/index.html,Migrated,
/visual_effects/basics_of_scrollbound_effects/embed/,,Gone,
/visual_effects/basics_of_scrollbound_effects/preview/embed/,,Gone,
/visual_effects/scroll_to_top/,amp.dev/documentation/examples/visual-effects/scroll_to_top/index.html,Migrated,
/visual_effects/scroll_to_top/embed/,,Gone,
/visual_effects/scroll_to_top/preview/,amp.dev/documentation/examples/visual-effects/scroll_to_top/preview/index.html,Migrated,
/visual_effects/scroll_to_top/preview/embed/,,Gone,
/amp-app-banner-manifest.json,,,
/amp-video-iframe-videojs.html,,,
/amp4mail/gallery.html,,,
/copier.html,,,
/glTF/DamagedHelmet.glb,,,
/googlea533f0f54d9c716a.html,,,
/hreflang/fr/index.amp.html,,,
/hreflang/fr/index.html,,,
/hreflang/index.amp.html,,,
/hreflang/index.html,,,
/humans.txt,,Gone,
/internationalization/alternate/fr/index.amp.html,,,
/internationalization/alternate/fr/index.html,,,
/internationalization/alternate/fr/index.mobile.html,,,
/internationalization/alternate/index.amp.html,,,
/internationalization/alternate/index.html,,,
/internationalization/alternate/index.mobile.html,,,
/internationalization/alternate/ja/index.amp.html,,,
/internationalization/alternate/ja/index.html,,,
/internationalization/alternate/ja/index.mobile.html,,,
/internationalization/amp_hreflang_example_1.png,,,
/internationalization/amp_hreflang_example_2.png,,,
/internationalization/basic/fr/index.amp.html,,,
/internationalization/basic/fr/index.html,,,
/internationalization/basic/index.amp.html,,,
/internationalization/basic/index.html,,,
/internationalization/basic/ja/index.amp.html,,,
/internationalization/basic/ja/index.html,,,
/internationalization/rtl.html,,,
/invalid_amp.html,,,
/linker/demo-page.html,,,
/linker/destination-page.html,,,
/login.html,,,
/manifest.json,,Gone,
/sw.html,,Gone,
/sw.js,,Gone,
/webpush/amp-web-push-helper-frame.html,,,
/webpush/amp-web-push-permission-dialog.html,,,